"","countyfp","countyns","name","aland","awater","state_abbr","geometry"
"10","057","01685718","Cherokee",1090597331,34427734,"GA",list(list(c(-84.644293, -84.653232, -84.58283, -84.58263, -84.424525, -84.400774, -84.257586, -84.258075, -84.258689, -84.259019, -84.352302, -84.418927, -84.515431, -84.571683, -84.624215, -84.659241, -84.644293, 34.355168, 34.41259, 34.412191, 34.381492, 34.38707, 34.373266, 34.380992, 34.335156, 34.237094, 34.185918, 34.176717, 34.073298, 34.078698, 34.076299, 34.081779, 34.07824, 34.355168)))
"11","015","00351604","Bartow",1188568883,27370205,"GA",list(list(c(-85.046871, -85.023102, -85.005775, -84.985975, -84.653232, -84.644293, -84.659241, -84.737836, -84.909942, -84.922742, -85.047046, -85.046871, 34.096412, 34.347112, 34.392446, 34.384629, 34.41259, 34.355168, 34.07824, 34.079399, 34.078598, 34.082497, 34.082881, 34.096412)))
"32","295","00354216","Walker",1156145202,1672676,"GA",list(list(c(-85.5344052578154, -85.490795, -85.49053, -85.450409, -85.450561, -85.43371, -85.3639190289311, -85.277556, -85.2650550217158, -85.264762, -85.20218, -85.201856, -85.144789, -85.168851, -85.050847, -85.050446, -85.069159, -85.107748, -85.360191, -85.526894818161, -85.5344052578154, 34.6237903384358, 34.669449, 34.69911, 34.759241, 34.831677, 34.875077, 34.9833765631405, 34.984975, 34.9850776447417, 34.854277, 34.854451, 34.77508, 34.767639, 34.720279, 34.71998, 34.622482, 34.587184, 34.587483, 
34.581799, 34.5886856927335, 34.6237903384358)))
"75","135","01688166","Gwinnett",1115653877,15611813,"GA",list(list(c(-84.262276, -84.182023, -84.097693, -84.117927, -84.062841, -83.890097, -83.817682, -83.869115, -83.799104, -83.855066, -83.908465, -83.982033, -84.023713, -84.075914, -84.172558, -84.237113, -84.277093, -84.262276, 33.987405, 33.997597, 34.050708, 34.065564, 34.167873, 34.106179, 34.127493, 34.004316, 33.929844, 33.88531, 33.842845, 33.786054, 33.752808, 33.777507, 33.858634, 33.904447, 33.957614, 33.987405)))
"94","229","00349086","Pierce",881777233,7183926,"GA",list(list(c(-82.417246, -82.344843, -82.300422, -82.226585, -82.157264, -82.132794, -82.063387, -82.041129, -81.997421, -82.114822, -82.193031, -82.284561, -82.31504, -82.383705, -82.417246, 31.417119, 31.43013, 31.493175, 31.530699, 31.472185, 31.471262, 31.466362, 31.373721, 31.288534, 31.270355, 31.20212, 31.224449, 31.225958, 31.291143, 31.417119)))
"133","081","00351607","Crisp",706236802,21409235,"GA",list(list(c(-83.961278, -83.609663, -83.612256, -83.612642, -83.802723, -83.845323, -83.939437, -83.922494, -83.920102, -83.961278, 32.030595, 32.027938, 31.854089, 31.804128, 31.803579, 31.83119, 31.847929, 31.909653, 31.927242, 32.030595)))
"136","097","01686467","Douglas",518355012,2423527,"GA",list(list(c(-84.901688, -84.730974, -84.724139, -84.622692, -84.578132, -84.630117, -84.796536, -84.808934, -84.905788, -84.901688, 33.780703, 33.788568, 33.80617, 33.804842, 33.743507, 33.693116, 33.595592, 33.574085, 33.573378, 33.780703)))
"157","259","00347360","Stewart",1188153054,12598484,"GA",list(list(c(-85.0514111279128, -85.047063, -85.058749, -84.997765, -84.930127, -84.9199421479259, -84.832962, -84.799348, -84.65892, -84.649319, -84.63112, -84.65582, -84.810118, -84.907006, -84.974067, -84.9537, -85.0635905429847, -85.0514111279128, 32.062256083622, 32.087389, 32.136018, 32.185445, 32.219051, 32.2308482009333, 32.230851, 32.230852, 32.232852, 32.232953, 32.184054, 31.920308, 31.93184, 31.924465, 31.950209, 31.974781, 31.991857, 32.062256083622)))
"199","221","00351262","Oglethorpe",1137165335,7708032,"GA",list(list(c(-83.306619, -83.275933, -83.24086, -83.278645, -83.258413, -83.123878, -83.048119, -82.976294, -82.942268, -82.779506, -82.874587, -82.986325, -82.949046, -82.995602, -83.118729, -83.28034, -83.306619, 33.811444, 33.847977, 33.90443, 33.951745, 33.999098, 34.047558, 34.015995, 34.043219, 34.014957, 33.971124, 33.921767, 33.785405, 33.733333, 33.693583, 33.698818, 33.761774, 33.811444)))
"219","209","00352276","Montgomery",624563058,9191488,"GA",list(list(c(-82.649104, -82.40913, -82.438987, -82.483131, -82.480224, -82.543655, -82.597671, -82.644309, -82.655486, -82.649104, 32.311496, 32.353738, 32.29318, 31.968961, 31.954961, 31.958914, 32.013979, 32.294193, 32.297561, 32.311496)))
"220","319","00346824","Wilkinson",1163459876,7084800,"GA",list(list(c(-83.357685, -83.133847, -83.073648, -83.027036, -82.974265, -82.955364, -82.946966, -82.957066, -83.226536, -83.40699, -83.357685, 32.926141, 33.007248, 32.946562, 32.856133, 32.839236, 32.756461, 32.759358, 32.708318, 32.584201, 32.89822, 32.926141)))
"231","159","00346144","Jasper",954167636,13100766,"GA",list(list(c(-83.824922, -83.674644, -83.682196, -83.533736, -83.545876, -83.816048, -83.822261, -83.807265, -83.863058, -83.824922, 33.437263, 33.487225, 33.52622, 33.434472, 33.171944, 33.131816, 33.180238, 33.192986, 33.368278, 33.437263)))
"361","129","00356672","Gordon",923182601,5729235,"GA",list(list(c(-85.069159, -85.050446, -84.926362, -84.913456, -84.863793, -84.715692, -84.654523, -84.654366, -84.644432, -84.653232, -84.985975, -85.005775, -85.104444, -85.069159, 34.587184, 34.622482, 34.615719, 34.634128, 34.608597, 34.622876, 34.583187, 34.548946, 34.455789, 34.41259, 34.384629, 34.392446, 34.404278, 34.587184)))
"480","147","01687995","Hart",601970613,63521436,"GA",list(list(c(-83.094093, -83.0505729641024, -83.048289, -82.99509, -82.9913881531823, -82.925766, -82.873831, -82.841997, -82.82342, -82.780308, -82.7746287310121, -82.980018, -83.078004, -83.11336, -83.094093, 34.416073, 34.4950536521691, 34.493254, 34.472483, 34.4729806272358, 34.481802, 34.471508, 34.399766, 34.358872, 34.296701, 34.2883668182547, 34.210066, 34.223606, 34.27353, 34.416073)))
"481","171","00326713","Lamar",475264404,6044329,"GA",list(list(c(-84.269169, -84.248659, -84.248185, -84.123981, -84.123767, -84.041498, -84.054175, -84.12334, -84.122361, -84.27014, -84.269169, 33.031438, 33.03933, 33.189019, 33.17862, 33.202824, 33.202629, 32.931497, 32.932184, 32.989576, 32.991011, 33.031438)))
"488","251","00350204","Screven",1672556593,26135835,"GA",list(list(c(-81.868663, -81.767553, -81.5439662243139, -81.50203, -81.499566, -81.464069, -81.42062, -81.4131167951736, -81.41267, -81.393818, -81.397106, -81.3869019026942, -81.528169, -81.548006, -81.689643, -81.82785, -81.841005, -81.868663, 32.673127, 32.909411, 33.0443999541444, 33.015113, 32.943722, 32.897814, 32.831223, 32.7442613279615, 32.739083, 32.653491, 32.605587, 32.5989648538998, 32.514888, 32.489286, 32.54629, 32.652797, 32.649093, 32.673127)))
"489","117","01673358","Forsyth",581757645,58447999,"GA",list(list(c(-84.259019, -84.258689, -84.258075, -83.957077, -83.925575, -83.989059, -84.057632, -84.062841, -84.117927, -84.097693, -84.258946, -84.259019, 34.185918, 34.237094, 34.335156, 34.334011, 34.28527, 34.195732, 34.183277, 34.167873, 34.065564, 34.050708, 34.109523, 34.185918)))
"491","113","01687740","Fayette",503907543,12814102,"GA",list(list(c(-84.60954, -84.556857, -84.458665, -84.4377, -84.397479, -84.381814, -84.388118, -84.432907, -84.497527, -84.528184, -84.618337, -84.60954, 33.502511, 33.528405, 33.550933, 33.547069, 33.485738, 33.463467, 33.352465, 33.2565, 33.257422, 33.326942, 33.408267, 33.502511)))
"492","177","00343390","Lee",921731096,15310679,"GA",list(list(c(-84.338143, -83.922494, -83.939437, -84.008445, -84.018404, -84.043213, -84.297801, -84.286456, -84.259611, -84.338245, -84.338143, 31.91619, 31.909653, 31.847929, 31.801645, 31.650274, 31.623573, 31.621951, 31.791182, 31.827865, 31.873591, 31.91619)))
"495","005","00344784","Bacon",735770219,4506310,"GA",list(list(c(-82.627342, -82.521393, -82.52142, -82.495384, -82.226585, -82.300422, -82.344843, -82.417246, -82.48146, -82.494718, -82.597509, -82.628273, -82.627342, 31.672672, 31.672512, 31.710796, 31.709631, 31.530699, 31.493175, 31.43013, 31.417119, 31.417534, 31.46869, 31.469293, 31.558329, 31.672672)))
"511","063","01672399","Clayton",366879097,6962586,"GA",list(list(c(-84.458556, -84.458053, -84.457726, -84.350224, -84.281273, -84.243897, -84.283879, -84.29468, -84.353824, -84.3544, -84.388118, -84.381814, -84.397479, -84.4377, -84.458665, -84.458556, 33.594436, 33.629241, 33.648866, 33.647908, 33.647411, 33.590294, 33.549078, 33.435715, 33.397291, 33.352514, 33.352465, 33.463467, 33.485738, 33.547069, 33.550933, 33.594436)))
"547","261","00343504","Sumter",1250646286,25211441,"GA",list(list(c(-84.433014, -84.431214, -84.430218, -84.183569, -84.181657, -84.134736, -84.0276, -84.033494, -83.961278, -83.920102, -83.922494, -84.338143, -84.338245, -84.357615, -84.443807, -84.433014, 32.04196, 32.134058, 32.166257, 32.158493, 32.229703, 32.185392, 32.171165, 32.153078, 32.030595, 31.927242, 31.909653, 31.91619, 31.873591, 31.885156, 31.967456, 32.04196)))
"587","027","00345518","Brooks",1277341275,11955761,"GA",list(list(c(-83.736158, -83.573959, -83.574857, -83.551628, -83.475617, -83.441549, -83.346405, -83.449293, -83.482461, -83.3577163136281, -83.499951, -83.6117040588264, -83.743729, -83.736158, 31.037679, 31.033875, 31.078135, 31.054329, 31.031964, 30.914347, 30.853543, 30.817957, 30.756931, 30.6371378731342, 30.645663, 30.6515600937086, 30.6585269137505, 31.037679)))
"588","277","00344090","Tift",675702087,20458524,"GA",list(list(c(-83.651764, -83.650507, -83.649384, -83.648972, -83.500702, -83.500951, -83.42084, -83.338728, -83.369514, -83.370888, -83.434492, -83.460644, -83.512607, -83.65409, -83.651764, 31.433918, 31.49581, 31.567977, 31.596466, 31.59399, 31.570117, 31.553565, 31.475991, 31.465055, 31.401142, 31.350361, 31.326263, 31.327405, 31.330661, 31.433918)))
"589","313","00353513","Whitfield",752248663,1579031,"GA",list(list(c(-85.144789, -85.061648, -84.9798540252315, -84.9769738065923, -84.861314, -84.8104774668864, -84.818715, -84.878499, -84.864945, -84.94434, -84.913456, -84.926362, -85.050446, -85.050847, -85.168851, -85.144789, 34.767639, 34.819478, 34.9872056139756, 34.9872198373549, 34.987791, 34.9878779552292, 34.87695, 34.77961, 34.707356, 34.676868, 34.634128, 34.615719, 34.622482, 34.71998, 34.720279, 34.767639)))
"595","173","00348102","Lanier",509030778,8418857,"GA",list(list(c(-83.197971, -83.165072, -83.038246, -83.046885, -82.971247, -82.971336, -83.019419, -83.042924, -83.179465, -83.180487, -83.197971, 31.025405, 31.147198, 31.146705, 31.18368, 31.183988, 30.869392, 30.849453, 30.947296, 30.950128, 31.016726, 31.025405)))
"605","155","00352302","Irwin",917795237,21756147,"GA",list(list(c(-83.500702, -83.452919, -83.453634, -83.325296, -83.325617, -83.266363, -83.176376, -82.99836, -83.058807, -83.118578, -83.145587, -83.338728, -83.42084, -83.500951, -83.500702, 31.59399, 31.708597, 31.757861, 31.756584, 31.680603, 31.654203, 31.678382, 31.673164, 31.611212, 31.474163, 31.472276, 31.475991, 31.553565, 31.570117, 31.59399)))
"657","205","00343645","Mitchell",1326483085,4314212,"GA",list(list(c(-84.471001, -84.40435, -84.340552, -84.20066, -84.141124, -84.11864, -83.997796, -83.99943, -84.002968, -84.013851, -84.003627, -84.116644, -84.376612, -84.508078, -84.471001, 31.167981, 31.199143, 31.305341, 31.355525, 31.440179, 31.442479, 31.443753, 31.334966, 31.113173, 31.102436, 31.07729, 31.077971, 31.078883, 31.0784, 31.167981)))
"674","263","00326757","Talbot",1013662778,8766848,"GA",list(list(c(-84.700538, -84.570669, -84.506888, -84.380398, -84.286246, -84.33794, -84.408866, -84.444353, -84.586101, -84.637323, -84.69451, -84.667463, -84.694603, -84.693899, -84.682876, -84.700538, 32.84464, 32.845179, 32.881788, 32.779176, 32.747626, 32.720647, 32.561923, 32.562083, 32.52265, 32.534855, 32.518732, 32.563948, 32.583945, 32.686045, 32.73035, 32.84464)))
"709","101","00348092","Echols",1088849471,809587,"GA",list(list(c(-83.133009, -83.103223, -83.088082, -83.019419, -82.971336, -82.846353, -82.766159, -82.581202, -82.5840051864195, -82.6895297984728, -82.877311, -83.131431, -83.1366188582036, -83.133009, 30.789649, 30.829582, 30.848658, 30.849453, 30.869392, 30.834988, 30.732404, 30.696237, 30.5916365790876, 30.5978892906418, 30.609016, 30.623575, 30.6238859448931, 30.789649)))
"718","199","00346892","Meriwether",1297342106,10832501,"GA",list(list(c(-84.862359, -84.85236, -84.502352, -84.496783, -84.536991, -84.52702, -84.533403, -84.526902, -84.506888, -84.570669, -84.700538, -84.751338, -84.861768, -84.862359, 33.191173, 33.22359, 33.221055, 33.183866, 33.03673, 32.970548, 32.96155, 32.914098, 32.881788, 32.845179, 32.84464, 32.8692, 32.872495, 33.191173)))
"735","179","00357095","Liberty",1337654102,222884791,"GA",list(list(c(-81.761735, -81.718658, -81.692695, -81.603665, -81.593292, -81.475456, -81.407737, -81.355837, -81.259887, -81.154731, -81.1352985902005, -81.139394, -81.133493, -81.173079, -81.1748326365906, -81.22222, -81.314548, -81.43576, -81.491798, -81.641761, -81.765357, -81.750257, -81.824405, -81.761735, 32.0479, 32.089351, 32.088313, 32.008469, 31.971233, 31.974167, 31.944302, 31.8149, 31.753754, 31.71307, 31.7105645979661, 31.699917, 31.623348, 31.555908, 31.5395964494948, 31.63042, 31.659382, 
31.642055, 31.699575, 31.765451, 31.87454, 31.973207, 32.014882, 32.0479)))
"738","055","00352213","Chattooga",811512398,570806,"GA",list(list(c(-85.526894818161, -85.360191, -85.107748, -85.180548, -85.334881, -85.387351, -85.4631408247758, -85.4751472811043, -85.502471, -85.5130442292733, -85.526894818161, 34.5886856927335, 34.581799, 34.587483, 34.435996, 34.369748, 34.286097, 34.2861909885055, 34.3436846578762, 34.474526, 34.5239464713237, 34.5886856927335)))
"766","115","00353665","Floyd",1320404595,22414013,"GA",list(list(c(-85.4631408247758, -85.387351, -85.334881, -85.180548, -85.107748, -85.069159, -85.104444, -85.005775, -85.023102, -85.046871, -85.257624, -85.4210731752288, -85.429499, -85.4631408247758, 34.2861909885055, 34.286097, 34.369748, 34.435996, 34.587483, 34.587184, 34.404278, 34.392446, 34.347112, 34.096412, 34.100668, 34.0808126526072, 34.125095, 34.2861909885055)))
"771","137","00351383","Habersham",717083984,5669790,"GA",list(list(c(-83.652194, -83.586897, -83.534904, -83.431465, -83.3496085109133, -83.3400391067846, -83.365044, -83.45843, -83.537538, -83.615218, -83.666415, -83.616615, -83.662819, -83.623296, -83.681596, -83.652194, 34.822993, 34.819991, 34.740013, 34.747272, 34.7170105826273, 34.6863277104121, 34.675308, 34.483933, 34.491725, 34.431712, 34.503602, 34.54163, 34.659801, 34.732194, 34.800882, 34.822993)))
"774","285","01673298","Troup",1072278217,82757751,"GA",list(list(c(-85.2365953712528, -85.117402, -85.10798, -84.939015, -84.862135, -84.862359, -84.861768, -84.881702, -85.1861174017892, -85.232441, -85.2365953712528, 33.1295440282507, 33.163654, 33.195098, 33.224693, 33.223858, 33.191173, 32.872495, 32.868761, 32.8701382699716, 33.108075, 33.1295440282507)))
"779","231","00346482","Pike",559660500,8595984,"GA",list(list(c(-84.536991, -84.496783, -84.451336, -84.248185, -84.248659, -84.269169, -84.27014, -84.489708, -84.52702, -84.536991, 33.03673, 33.183866, 33.208889, 33.189019, 33.03933, 33.031438, 32.991011, 32.993729, 32.970548, 33.03673)))
"823","189","00348794","McDuffie",666590014,23114032,"GA",list(list(c(-82.649705, -82.507223, -82.479518, -82.425328, -82.437081, -82.294179, -82.353498, -82.383829, -82.548074, -82.649705, 33.608768, 33.659994, 33.639535, 33.650629, 33.550538, 33.354635, 33.312318, 33.312106, 33.352798, 33.608768)))
"838","051","01694477","Chatham",1121772804,509852786,"GA",list(list(c(-81.391698, -81.195355, -81.1475951704554, -81.119361, -81.113334, -81.038265, -81.006745, -80.943226, -80.885517, -80.84313, -80.848441, -80.911207, -80.941359, -81.000317, -81.036873, -81.077057, -81.130634, -81.1352985902005, -81.154731, -81.177027, -81.138533, -81.290323, -81.391698, 32.095886, 32.237495, 32.2271694465971, 32.177142, 32.113205, 32.084469, 32.101152, 32.057824, 32.0346, 32.024226, 31.988279, 31.943769, 31.912984, 31.856744, 31.812721, 31.761256, 31.722692, 31.7105645979661, 
31.71307, 31.816113, 31.855921, 31.978821, 32.095886)))
"868","143","00350637","Haralson",730804593,2616531,"GA",list(list(c(-85.3866705737728, -85.05031, -85.036809, -85.037926, -85.050889, -85.289742, -85.3381162999059, -85.360532, -85.3866705737728, 33.9017014940033, 33.904488, 33.896067, 33.811942, 33.714632, 33.652087, 33.6531143916014, 33.767957, 33.9017014940033)))
"873","217","01673547","Newton",709148422,13974069,"GA",list(list(c(-84.044493, -84.003278, -83.930863, -83.914823, -83.790705, -83.691551, -83.680896, -83.677717, -83.682196, -83.674644, -83.824922, -83.863058, -83.912516, -83.923913, -83.946526, -84.054396, -84.044493, 33.525776, 33.554875, 33.651823, 33.744203, 33.666656, 33.616989, 33.596919, 33.571834, 33.52622, 33.487225, 33.437263, 33.368278, 33.417752, 33.444194, 33.481761, 33.514907, 33.525776)))
"922","257","00350028","Stephens",463254409,13035162,"GA",list(list(c(-83.45843, -83.365044, -83.3400391067846, -83.33869, -83.27796, -83.221402, -83.154577, -83.1028738260357, -83.177838, -83.398049, -83.45843, 34.483933, 34.675308, 34.6863277104121, 34.682002, 34.644853, 34.609947, 34.588198, 34.5374309097654, 34.477017, 34.460998, 34.483933)))
"923","279","00345220","Toombs",942788867,18076118,"GA",list(list(c(-82.438987, -82.40913, -82.409118, -82.354546, -82.232788, -82.181912, -82.225042, -82.407245, -82.431531, -82.483131, -82.438987, 32.29318, 32.353738, 32.35383, 32.292194, 32.318838, 32.166125, 31.913074, 31.949488, 31.966182, 31.968961, 32.29318)))
"925","053","00351012","Chattahoochee",644225830,6277089,"GA",list(list(c(-84.983466, -84.9811502941337, -84.767735, -84.69451, -84.637323, -84.657325, -84.65892, -84.799348, -84.832962, -84.9199421479259, -84.891841, -84.955704, -85.008096, -84.983466, 32.363186, 32.3790400766818, 32.420671, 32.518732, 32.534855, 32.49494, 32.232852, 32.230852, 32.230851, 32.2308482009333, 32.263398, 32.30591, 32.336677, 32.363186)))
"928","311","00326781","White",623524633,3917258,"GA",list(list(c(-83.856506, -83.825465, -83.780346, -83.704339, -83.681596, -83.623296, -83.662819, -83.616615, -83.666415, -83.788604, -83.843405, -83.876152, -83.856506, 34.722191, 34.778972, 34.792905, 34.791328, 34.800882, 34.732194, 34.659801, 34.54163, 34.503602, 34.514096, 34.505494, 34.620518, 34.722191)))
"929","167","00346664","Johnson",784815230,9256633,"GA",list(list(c(-82.946966, -82.802456, -82.768365, -82.521052, -82.458249, -82.434149, -82.499431, -82.465065, -82.594439, -82.564378, -82.647733, -82.668557, -82.794538, -82.862763, -82.957066, -82.946966, 32.759358, 32.809756, 32.769108, 32.822356, 32.768223, 32.762258, 32.68634, 32.646833, 32.579158, 32.53249, 32.512507, 32.612164, 32.66023, 32.71576, 32.708318, 32.759358)))
"958","211","00346008","Morgan",899791096,18672319,"GA",list(list(c(-83.677717, -83.680896, -83.526386, -83.505928, -83.483177, -83.406189, -83.34687, -83.269213, -83.279931, -83.533736, -83.682196, -83.677717, 33.571834, 33.596919, 33.796119, 33.81776, 33.805576, 33.698307, 33.600498, 33.533226, 33.483438, 33.434472, 33.52622, 33.571834)))
"972","007","00342832","Baker",885665381,18598653,"GA",list(list(c(-84.627579, -84.637579, -84.513503, -84.429876, -84.211593, -84.141124, -84.20066, -84.340552, -84.40435, -84.471001, -84.508078, -84.542653, -84.537101, -84.641673, -84.627579, 31.332117, 31.433926, 31.439607, 31.436661, 31.435856, 31.440179, 31.355525, 31.305341, 31.199143, 31.167981, 31.0784, 31.079029, 31.255932, 31.258967, 31.332117)))
"973","275","00343835","Thomas",1410592606,19645695,"GA",list(list(c(-84.116644, -84.003627, -84.003876, -83.736158, -83.743729, -83.820973, -84.007454, -84.0837530823, -84.075958, -84.119058, -84.116644, 31.077971, 31.07729, 31.041582, 31.037679, 30.6585269137505, 30.662603, 30.6720699684692, 30.675943397968, 30.912538, 30.980956, 31.077971)))
"977","109","00345923","Evans",473694905,10295112,"GA",list(list(c(-82.025339, -81.969069, -81.815288, -81.780858, -81.75634, -81.718658, -81.761735, -81.888938, -81.980041, -82.025339, 32.278883, 32.268783, 32.236522, 32.15289, 32.104584, 32.089351, 32.0479, 32.050398, 32.081502, 32.278883)))
"979","289","00345456","Twiggs",930478093,8740237,"GA",list(list(c(-83.602186, -83.513511, -83.40699, -83.226536, -83.412055, -83.497923, -83.561058, -83.597656, -83.602186, 32.741448, 32.844868, 32.89822, 32.584201, 32.502091, 32.452198, 32.658275, 32.664338, 32.741448)))
"986","197","00344107","Marion",947209658,3790127,"GA",list(list(c(-84.657325, -84.637323, -84.586101, -84.444353, -84.453154, -84.392316, -84.389927, -84.429451, -84.430218, -84.431214, -84.527117, -84.649319, -84.65892, -84.657325, 32.49494, 32.534855, 32.52265, 32.562083, 32.534336, 32.414046, 32.297237, 32.232151, 32.166257, 32.134058, 32.134556, 32.232953, 32.232852, 32.49494)))
"991","017","00351606","Ben Hill",647802123,9814374,"GA",list(list(c(-83.480176, -83.190034, -83.177469, -83.138659, -82.995698, -82.99836, -83.176376, -83.266363, -83.325617, -83.325296, -83.453634, -83.45887, -83.480176, 31.847312, 31.849495, 31.847857, 31.814446, 31.780983, 31.673164, 31.678382, 31.654203, 31.680603, 31.756584, 31.757861, 31.793612, 31.847312)))
"1026","013","00356976","Barrow",417082919,4909580,"GA",list(list(c(-83.817682, -83.767532, -83.563215, -83.537385, -83.647031, -83.76104, -83.799104, -83.869115, -83.817682, 34.127493, 34.066448, 34.031757, 33.965912, 33.906198, 33.894842, 33.929844, 34.004316, 34.127493)))
"1037","071","00343936","Colquitt",1416818773,24869747,"GA",list(list(c(-84.013851, -84.002968, -83.99943, -83.759086, -83.714134, -83.65409, -83.512607, -83.509961, -83.574857, -83.573959, -83.736158, -84.003876, -84.003627, -84.013851, 31.102436, 31.113173, 31.334966, 31.332225, 31.318365, 31.330661, 31.327405, 31.205972, 31.078135, 31.033875, 31.037679, 31.041582, 31.07729, 31.102436)))
"1046","139","01686953","Hall",1017833590,93989123,"GA",list(list(c(-84.057632, -83.989059, -83.925575, -83.957077, -83.981433, -83.980649, -83.931886, -83.843405, -83.788604, -83.666415, -83.615218, -83.669432, -83.619918, -83.817682, -83.890097, -84.062841, -84.057632, 34.183277, 34.195732, 34.28527, 34.334011, 34.357829, 34.418389, 34.469345, 34.505494, 34.514096, 34.503602, 34.431712, 34.366027, 34.29538, 34.127493, 34.106179, 34.167873, 34.183277)))
"1108","029","00350496","Bryan",1133280746,43754751,"GA",list(list(c(-81.780858, -81.43583, -81.406776, -81.391698, -81.290323, -81.138533, -81.177027, -81.154731, -81.259887, -81.355837, -81.407737, -81.475456, -81.593292, -81.603665, -81.692695, -81.718658, -81.75634, -81.780858, 32.15289, 32.241289, 32.101931, 32.095886, 31.978821, 31.855921, 31.816113, 31.71307, 31.753754, 31.8149, 31.944302, 31.974167, 31.971233, 32.008469, 32.088313, 32.089351, 32.104584, 32.15289)))
"1111","165","00342985","Jenkins",899569112,13332769,"GA",list(list(c(-82.144977, -82.081337, -81.857985, -81.767553, -81.868663, -81.841005, -82.001236, -82.082871, -82.144977, 32.812741, 32.916776, 32.953882, 32.909411, 32.673127, 32.649093, 32.60691, 32.663324, 32.812741)))
"1113","149","00347067","Heard",766567357,13263789,"GA",list(list(c(-85.2943468643453, -85.015358, -84.958646, -84.939015, -85.10798, -85.117402, -85.2365953712528, -85.2943468643453, 33.4279931463646, 33.425506, 33.277053, 33.224693, 33.195098, 33.163654, 33.1295440282507, 33.4279931463646)))
"1125","035","00352295","Butts",475754793,11269640,"GA",list(list(c(-84.088991, -84.102582, -84.061322, -84.042533, -83.964374, -83.923913, -83.912516, -83.863058, -83.807265, -83.822261, -83.842978, -84.041498, -84.123767, -84.088991, 33.285646, 33.298191, 33.309668, 33.341113, 33.375154, 33.444194, 33.417752, 33.368278, 33.192986, 33.180238, 33.196855, 33.202629, 33.202824, 33.285646)))
"1127","153","01671693","Houston",973954137,9990192,"GA",list(list(c(-83.85654, -83.836994, -83.846676, -83.723139, -83.70109, -83.701152, -83.666134, -83.597656, -83.561058, -83.497923, -83.498039, -83.523458, -83.615579, -83.68513, -83.718434, -83.848379, -83.85654, 32.382399, 32.388793, 32.468514, 32.521122, 32.691598, 32.692169, 32.674518, 32.664338, 32.658275, 32.452198, 32.401715, 32.402288, 32.288556, 32.289892, 32.290162, 32.29097, 32.382399)))
"1131","133","00348672","Greene",1003664492,48417220,"GA",list(list(c(-83.406189, -83.29145, -83.28034, -83.118729, -82.995602, -82.950752, -83.014038, -83.012853, -83.164207, -83.224564, -83.279931, -83.269213, -83.34687, -83.406189, 33.698307, 33.734315, 33.761774, 33.698818, 33.693583, 33.661071, 33.580383, 33.469178, 33.35503, 33.380423, 33.483438, 33.533226, 33.600498, 33.698307)))
"1143","079","00342918","Crawford",841524044,3986929,"GA",list(list(c(-84.124332, -84.124275, -83.9807, -83.957579, -83.891922, -83.810141, -83.701152, -83.70109, -83.766787, -84.003363, -84.062735, -84.105924, -84.202628, -84.124332, 32.800935, 32.849562, 32.848957, 32.848757, 32.848351, 32.729942, 32.692169, 32.691598, 32.692622, 32.529927, 32.578432, 32.685049, 32.690018, 32.800935)))
"1148","131","00351261","Grady",1177051414,15026665,"GA",list(list(c(-84.376612, -84.116644, -84.119058, -84.075958, -84.0837530823, -84.124993, -84.2855145090395, -84.3807541835525, -84.376612, 31.078883, 31.077971, 30.980956, 30.912538, 30.675943397968, 30.678037, 30.684809171948, 30.6888271970459, 31.078883)))
"1211","247","00357592","Rockdale",336226920,5900974,"GA",list(list(c(-84.184143, -84.115791, -84.023713, -83.982033, -83.914823, -83.930863, -84.003278, -84.044493, -84.04972, -84.097471, -84.125073, -84.184143, 33.646157, 33.614666, 33.752808, 33.786054, 33.744203, 33.651823, 33.554875, 33.525776, 33.541081, 33.560009, 33.561248, 33.646157)))
"1218","301","00347777","Warren",736483608,6034478,"GA",list(list(c(-82.866605, -82.815315, -82.751275, -82.679975, -82.649705, -82.548074, -82.383829, -82.431957, -82.559753, -82.755846, -82.824105, -82.851954, -82.866605, 33.466599, 33.521137, 33.510143, 33.599792, 33.608768, 33.352798, 33.312106, 33.27483, 33.32727, 33.25344, 33.427627, 33.443543, 33.466599)))
"1256","067","01686112","Cobb",880026860,12347127,"GA",list(list(c(-84.737836, -84.659241, -84.624215, -84.571683, -84.515431, -84.418927, -84.374743, -84.442708, -84.460129, -84.455493, -84.480134, -84.578132, -84.622692, -84.724139, -84.72423, -84.739636, -84.737836, 34.079399, 34.07824, 34.081779, 34.076299, 34.078698, 34.073298, 33.985908, 33.901543, 33.851804, 33.826808, 33.817319, 33.743507, 33.804842, 33.80617, 33.903596, 33.947602, 34.079399)))
"1257","305","00350608","Wayne",1662287070,17768149,"GA",list(list(c(-82.133013, -82.085899, -82.048582, -81.982941, -81.969052, -81.850624, -81.701774, -81.681892, -81.663206, -81.612054, -81.62429, -81.691977, -81.731694, -81.801052, -81.923238, -82.041129, -82.063387, -82.132794, -82.133013, 31.773404, 31.823256, 31.827075, 31.784904, 31.789324, 31.667671, 31.584922, 31.54181, 31.538667, 31.469405, 31.452982, 31.400545, 31.330048, 31.363737, 31.345875, 31.373721, 31.466362, 31.471262, 31.773404)))
"1258","077","00326666","Coweta",1142364907,12680737,"GA",list(list(c(-85.015358, -84.935378, -84.850713, -84.699178, -84.627734, -84.60954, -84.618337, -84.528184, -84.497527, -84.502352, -84.85236, -84.862359, -84.862135, -84.939015, -84.958646, -85.015358, 33.425506, 33.437421, 33.511457, 33.511373, 33.511038, 33.502511, 33.408267, 33.326942, 33.257422, 33.221055, 33.22359, 33.191173, 33.223858, 33.224693, 33.277053, 33.425506)))
"1287","049","00357747","Charlton",2020415648,5963237,"GA",list(list(c(-82.415603, -82.131698, -82.081207, -82.06087, -81.936006, -81.906036, -81.9059784394064, -81.943187, -81.994992, -82.032667, -82.041834, -82.049529, -82.015728, -82.018381, -82.028232, -82.042011, -82.040766, -82.0509829816809, -82.094709, -82.143306, -82.180043, -82.210318, -82.200965, -82.229427, -82.218607, -82.149872, -82.420442, -82.415603, 31.01359, 31.010714, 31.01063, 31.075809, 31.047993, 31.039715, 30.821407341502, 30.827437, 30.786074, 30.750674, 30.692374, 30.655544, 30.601698, 
30.531176, 30.447385, 30.403253, 30.370144, 30.3683677759449, 30.360766, 30.363378, 30.36861, 30.424577, 30.474427, 30.520814, 30.564395, 30.784336, 30.795229, 31.01359)))
"1290","235","00347593","Pulaski",645583957,5046606,"GA",list(list(c(-83.615579, -83.523458, -83.498039, -83.346528, -83.291106, -83.308926, -83.337313, -83.361051, -83.608547, -83.606214, -83.615579, 32.288556, 32.402288, 32.401715, 32.272489, 32.178825, 32.125709, 32.105885, 32.124009, 32.118405, 32.275644, 32.288556)))
"1332","233","00343585","Polk",803767094,4673256,"GA",list(list(c(-85.4210731752288, -85.257624, -85.046871, -85.047046, -84.922742, -84.978683, -85.049833, -85.05031, -85.3866705737728, -85.398871, -85.4210731752288, 34.0808126526072, 34.100668, 34.096412, 34.082881, 34.082497, 33.951393, 33.952635, 33.904488, 33.9017014940033, 33.964128, 34.0808126526072)))
"1424","111","00351094","Fannin",1002597521,13473582,"GA",list(list(c(-84.621483, -84.509052, -84.321869, -84.1294469626359, -84.178834, -84.107422, -84.093193, -84.158035, -84.188557, -84.196754, -84.343661, -84.422754, -84.618637, -84.622731, -84.621483, 34.988329, 34.988033, 34.988408, 34.9879469539553, 34.952086, 34.886896, 34.801411, 34.648243, 34.602692, 34.617924, 34.824781, 34.854795, 34.855398, 34.875077, 34.988329)))
"1433","287","00343238","Turner",739227758,11818093,"GA",list(list(c(-83.802723, -83.612642, -83.612256, -83.54164, -83.480176, -83.45887, -83.453634, -83.452919, -83.500702, -83.648972, -83.649384, -83.718774, -83.796846, -83.802723, 31.803579, 31.804128, 31.854089, 31.853102, 31.847312, 31.793612, 31.757861, 31.708597, 31.59399, 31.596466, 31.567977, 31.622028, 31.622929, 31.803579)))
"1434","213","01688005","Murray",892235145,5719644,"GA",list(list(c(-84.94434, -84.864945, -84.878499, -84.818715, -84.8104774668864, -84.7758376712973, -84.727434, -84.621483, -84.622731, -84.618637, -84.627348, -84.657098, -84.654523, -84.715692, -84.863793, -84.913456, -84.94434, 34.676868, 34.707356, 34.77961, 34.87695, 34.9878779552292, 34.9879372061493, 34.98802, 34.988329, 34.875077, 34.855398, 34.784728, 34.728905, 34.583187, 34.622876, 34.608597, 34.634128, 34.676868)))
"1453","023","00347451","Bleckley",559106468,8441079,"GA",list(list(c(-83.497923, -83.412055, -83.226536, -83.138991, -83.173252, -83.30475, -83.346528, -83.498039, -83.497923, 32.452198, 32.502091, 32.584201, 32.423069, 32.452533, 32.341958, 32.272489, 32.401715, 32.452198)))
"1454","031","00350302","Bulloch",1750735216,32827779,"GA",list(list(c(-82.001236, -81.841005, -81.82785, -81.689643, -81.548006, -81.534904, -81.446334, -81.43583, -81.780858, -81.815288, -81.969069, -81.918671, -82.030233, -82.001236, 32.60691, 32.649093, 32.652797, 32.54629, 32.489286, 32.39358, 32.284717, 32.241289, 32.15289, 32.236522, 32.268783, 32.41541, 32.53877, 32.60691)))
"1458","227","01673011","Pickens",601031041,1690669,"GA",list(list(c(-84.654366, -84.50261, -84.467989, -84.437226, -84.371352, -84.345553, -84.319679, -84.256867, -84.257586, -84.400774, -84.424525, -84.58263, -84.58283, -84.653232, -84.644432, -84.654366, 34.548946, 34.563681, 34.563488, 34.54935, 34.548495, 34.562735, 34.467857, 34.467327, 34.380992, 34.373266, 34.38707, 34.381492, 34.412191, 34.41259, 34.455789, 34.548946)))
"1494","089","01687424","DeKalb",693443933,8858826,"GA",list(list(c(-84.348091, -84.3483, -84.348315, -84.347412, -84.277093, -84.237113, -84.172558, -84.075914, -84.023713, -84.115791, -84.184143, -84.245453, -84.266882, -84.281273, -84.350224, -84.348091, 33.845293, 33.857634, 33.890903, 33.968109, 33.957614, 33.904447, 33.858634, 33.777507, 33.752808, 33.614666, 33.646157, 33.63073, 33.64717, 33.647411, 33.647908, 33.845293)))
"1518","169","00345367","Jones",1020304152,3820256,"GA",list(list(c(-83.816048, -83.545876, -83.444375, -83.42909, -83.414997, -83.357685, -83.40699, -83.513511, -83.56507, -83.658601, -83.696017, -83.710685, -83.72537, -83.816048, 33.131816, 33.171944, 33.184942, 33.185352, 33.112833, 32.926141, 32.89822, 32.844868, 32.877164, 32.887836, 32.91687, 32.952792, 33.032666, 33.131816)))
"1536","061","00344805","Clay",506093894,56546964,"GA",list(list(c(-85.1291593155832, -85.073941, -84.95864, -84.949784, -84.930998, -84.942353, -84.817843, -84.80796, -84.819807, -85.029227, -85.0516814295062, -85.041881, -85.05796, -85.058169, -85.12553, -85.11893, -85.1254405773425, -85.1291593155832, 31.7802782680766, 31.771441, 31.777854, 31.679914, 31.672309, 31.618669, 31.619771, 31.514383, 31.501192, 31.486071, 31.5195403291417, 31.544684, 31.57084, 31.620227, 31.694965, 31.732664, 31.7629687034183, 31.7802782680766)))
"1555","009","00345255","Baldwin",670025212,24806035,"GA",list(list(c(-83.42909, -83.363543, -83.274108, -83.097649, -83.100838, -83.052197, -83.049081, -83.073648, -83.133847, -83.357685, -83.414997, -83.42909, 33.185352, 33.168998, 33.187238, 33.151536, 33.049864, 33.080682, 32.985605, 32.946562, 33.007248, 32.926141, 33.112833, 33.185352)))
"1586","001","00349113","Appling",1316424660,10326621,"GA",list(list(c(-82.550714, -82.520251, -82.431362, -82.431531, -82.407245, -82.225042, -82.111818, -82.048582, -82.085899, -82.133013, -82.132794, -82.157264, -82.226585, -82.495384, -82.52142, -82.550714, 31.736334, 31.838388, 31.837993, 31.966182, 31.949488, 31.913074, 31.900487, 31.827075, 31.823256, 31.773404, 31.471262, 31.472185, 31.530699, 31.709631, 31.710796, 31.736334)))
"1595","181","01688000","Lincoln",544884775,121513274,"GA",list(list(c(-82.636698, -82.5629967985809, -82.556835, -82.51295, -82.43115, -82.32448, -82.239098, -82.2159383647475, -82.308246, -82.425328, -82.479518, -82.593527, -82.572297, -82.605687, -82.645451, -82.636698, 33.974092, 33.9565549105269, 33.945353, 33.936969, 33.867051, 33.820033, 33.730872, 33.6877549753187, 33.700436, 33.650629, 33.639535, 33.827322, 33.866343, 33.859942, 33.984195, 33.974092)))
"1652","083","00347465","Dade",450584680,488463,"GA",list(list(c(-85.605165, -85.4743388431343, -85.384967, -85.3639190289311, -85.43371, -85.450561, -85.450409, -85.49053, -85.490795, -85.5344052578154, -85.561424, -85.5828123337853, -85.595165, -85.605165, 34.984678, 34.9836733267911, 34.982987, 34.9833765631405, 34.875077, 34.831677, 34.759241, 34.69911, 34.669449, 34.6237903384358, 34.750079, 34.8604354744776, 34.924171, 34.984678)))
"1690","085","00351312","Dawson",546042258,9272655,"GA",list(list(c(-84.336639, -84.255112, -84.196754, -84.188557, -84.19104, -84.102037, -83.980649, -83.981433, -83.957077, -84.258075, -84.257586, -84.256867, -84.319679, -84.345553, -84.336639, 34.578945, 34.568333, 34.617924, 34.602692, 34.539181, 34.464544, 34.418389, 34.357829, 34.334011, 34.335156, 34.380992, 34.467327, 34.467857, 34.562735, 34.578945)))
"1692","241","00351489","Rabun",958643875,17853952,"GA",list(list(c(-83.656414, -83.5491807535047, -83.4828732042907, -83.322768, -83.108606, -83.124378, -83.140621, -83.201183, -83.252582, -83.284812, -83.323866, -83.320062, -83.353238, -83.3496085109133, -83.431465, -83.534904, -83.586897, -83.652194, -83.656414, 34.878787, 34.988803195914, 34.9908739612868, 34.995874, 35.000659, 34.95524, 34.924915, 34.884653, 34.853483, 34.823043, 34.789712, 34.759616, 34.728648, 34.7170105826273, 34.747272, 34.740013, 34.819991, 34.822993, 34.878787)))
"1693","269","00344156","Taylor",975613090,7801539,"GA",list(list(c(-84.444353, -84.408866, -84.33794, -84.286246, -84.235803, -84.202628, -84.105924, -84.062735, -84.003363, -84.00849, -84.111226, -84.197912, -84.254613, -84.381817, -84.392316, -84.453154, -84.444353, 32.562083, 32.561923, 32.720647, 32.747626, 32.738284, 32.690018, 32.685049, 32.578432, 32.529927, 32.521769, 32.514124, 32.400852, 32.372053, 32.428047, 32.414046, 32.534336, 32.562083)))
"1700","073","00348865","Columbia",751591130,45353300,"GA",list(list(c(-82.425328, -82.308246, -82.2159383647475, -82.199747, -82.161908, -82.1424564745009, -82.1146538385848, -82.10624, -82.028238, -82.28283, -82.294179, -82.437081, -82.425328, 33.650629, 33.700436, 33.6877549753187, 33.657611, 33.610643, 33.6053995999921, 33.59790505457, 33.595637, 33.544934, 33.362695, 33.354635, 33.550538, 33.650629)))
"1701","299","00357722","Ware",2329026445,22649478,"GA",list(list(c(-82.699206, -82.629622, -82.628975, -82.628181, -82.597509, -82.494718, -82.48146, -82.417246, -82.383705, -82.31504, -82.284561, -82.208732, -82.208262, -82.131698, -82.415603, -82.420442, -82.149872, -82.218607, -82.4189841121785, -82.435852, -82.495476, -82.490558, -82.592071, -82.671669, -82.699206, 31.278104, 31.274726, 31.36393, 31.469351, 31.469293, 31.46869, 31.417534, 31.417119, 31.291143, 31.225958, 31.224449, 31.170938, 31.084768, 31.010714, 31.01359, 30.795229, 30.784336, 
30.564395, 30.5809166697315, 30.820068, 30.819553, 30.963166, 31.018487, 31.183739, 31.278104)))
"1715","011","00349230","Banks",602473940,4635947,"GA",list(list(c(-83.669432, -83.615218, -83.537538, -83.45843, -83.398049, -83.393915, -83.33791, -83.355269, -83.402428, -83.479238, -83.561521, -83.619918, -83.669432, 34.366027, 34.431712, 34.491725, 34.483933, 34.460998, 34.324801, 34.260867, 34.22374, 34.197499, 34.26071, 34.252712, 34.29538, 34.366027)))
"1716","123","00351260","Gilmer",1103886631,12283371,"GA",list(list(c(-84.657098, -84.627348, -84.618637, -84.422754, -84.343661, -84.196754, -84.255112, -84.336639, -84.345553, -84.371352, -84.437226, -84.467989, -84.50261, -84.654366, -84.654523, -84.657098, 34.728905, 34.784728, 34.855398, 34.854795, 34.824781, 34.617924, 34.568333, 34.578945, 34.562735, 34.548495, 34.54935, 34.563488, 34.563681, 34.548946, 34.583187, 34.728905)))
"1778","283","00347505","Treutlen",516524095,7810908,"GA",list(list(c(-82.748732, -82.647733, -82.488941, -82.38194, -82.409118, -82.40913, -82.649104, -82.655486, -82.67377, -82.721964, -82.748732, 32.32915, 32.512507, 32.49183, 32.440596, 32.35383, 32.353738, 32.311496, 32.297561, 32.293595, 32.309283, 32.32915)))
"1802","163","00345714","Jefferson",1363771357,8059597,"GA",list(list(c(-82.661917, -82.578816, -82.584942, -82.431957, -82.383829, -82.353498, -82.332774, -82.26758, -82.232554, -82.29118, -82.272353, -82.316512, -82.419129, -82.434149, -82.458249, -82.521052, -82.510851, -82.550225, -82.598018, -82.661917, 33.126331, 33.11984, 33.171453, 33.27483, 33.312106, 33.312318, 33.308681, 33.267397, 33.231211, 33.062827, 32.937796, 32.835772, 32.810927, 32.762258, 32.768223, 32.822356, 32.917754, 33.019351, 33.032013, 33.126331)))
"1846","321","00343365","Worth",1478137692,10471700,"GA",list(list(c(-84.008445, -83.939437, -83.845323, -83.802723, -83.796846, -83.718774, -83.649384, -83.650507, -83.651764, -83.65409, -83.714134, -83.759086, -83.99943, -83.997796, -83.996246, -83.993374, -84.018404, -84.008445, 31.801645, 31.847929, 31.83119, 31.803579, 31.622929, 31.622028, 31.567977, 31.49581, 31.433918, 31.330661, 31.318365, 31.332225, 31.334966, 31.443753, 31.625169, 31.650034, 31.650274, 31.801645)))
"1894","043","00342852","Candler",629520841,15018189,"GA",list(list(c(-82.254526, -82.148338, -82.079842, -82.030233, -81.918671, -81.969069, -82.025339, -82.232788, -82.254526, 32.351498, 32.520429, 32.560063, 32.53877, 32.41541, 32.268783, 32.278883, 32.318838, 32.351498)))
"1950","095","00351259","Dougherty",851183381,15352851,"GA",list(list(c(-84.450398, -84.297801, -84.043213, -84.018404, -83.993374, -83.996246, -83.997796, -84.11864, -84.141124, -84.211593, -84.429876, -84.412521, -84.454923, -84.450398, 31.621868, 31.621951, 31.623573, 31.650274, 31.650034, 31.625169, 31.443753, 31.442479, 31.440179, 31.435856, 31.436661, 31.45693, 31.548331, 31.621868)))
"1969","141","00348209","Hancock",1220057418,17479620,"GA",list(list(c(-83.253461, -83.145856, -83.164207, -83.012853, -82.983657, -82.851954, -82.824105, -82.755846, -82.748311, -82.855046, -82.888866, -83.00874, -83.052197, -83.100838, -83.097649, -83.274108, -83.253461, 33.25929, 33.310045, 33.35503, 33.469178, 33.447677, 33.443543, 33.427627, 33.25344, 33.238348, 33.196427, 33.138603, 33.080849, 33.080682, 33.049864, 33.151536, 33.187238, 33.25929)))
"1990","121","01694833","Fulton",1364133162,19666288,"GA",list(list(c(-84.815869, -84.808934, -84.796536, -84.630117, -84.578132, -84.480134, -84.455493, -84.460129, -84.442708, -84.374743, -84.418927, -84.352302, -84.259019, -84.258946, -84.097693, -84.182023, -84.262276, -84.277093, -84.347412, -84.348315, -84.3483, -84.348091, -84.350224, -84.457726, -84.458053, -84.458556, -84.458665, -84.556857, -84.60954, -84.627734, -84.699178, -84.850713, -84.815869, 33.520249, 33.574085, 33.595592, 33.693116, 33.743507, 33.817319, 33.826808, 33.851804, 33.901543, 
33.985908, 34.073298, 34.176717, 34.185918, 34.109523, 34.050708, 33.997597, 33.987405, 33.957614, 33.968109, 33.890903, 33.857634, 33.845293, 33.647908, 33.648866, 33.629241, 33.594436, 33.550933, 33.528405, 33.502511, 33.511038, 33.511373, 33.511457, 33.520249)))
"1993","245","00358024","Richmond",840036613,10995252,"GA",list(list(c(-82.353498, -82.294179, -82.28283, -82.028238, -82.016581923059, -81.990938, -81.926336, -81.920121, -81.932737, -81.846136, -81.8465005323579, -82.097135, -82.17424, -82.26758, -82.332774, -82.353498, 33.312318, 33.354635, 33.362695, 33.544934, 33.5290907977257, 33.494235, 33.462937, 33.410753, 33.343541, 33.303843, 33.2472520854299, 33.230612, 33.296771, 33.267397, 33.308681, 33.312318)))
"2007","265","00347654","Taliaferro",504029143,1917633,"GA",list(list(c(-83.014038, -82.950752, -82.995602, -82.949046, -82.879449, -82.812958, -82.679975, -82.751275, -82.815315, -82.866605, -82.851954, -82.983657, -83.012853, -83.014038, 33.580383, 33.661071, 33.693583, 33.733333, 33.62041, 33.655836, 33.599792, 33.510143, 33.521137, 33.466599, 33.443543, 33.447677, 33.469178, 33.580383)))
"2008","273","00352238","Terrell",869695791,4951325,"GA",list(list(c(-84.599776, -84.45331, -84.443807, -84.357615, -84.338245, -84.259611, -84.286456, -84.297801, -84.450398, -84.476994, -84.546854, -84.535434, -84.603086, -84.599776, 31.920171, 31.919224, 31.967456, 31.885156, 31.873591, 31.827865, 31.791182, 31.621951, 31.621868, 31.621167, 31.621199, 31.676494, 31.772001, 31.920171)))
"2012","307","00352287","Webster",543010089,2338844,"GA",list(list(c(-84.63112, -84.649319, -84.527117, -84.431214, -84.433014, -84.443807, -84.45331, -84.599776, -84.65582, -84.63112, 32.184054, 32.232953, 32.134556, 32.134058, 32.04196, 31.967456, 31.919224, 31.920171, 31.920308, 32.184054)))
"2032","293","00346759","Upson",837774876,10585407,"GA",list(list(c(-84.52702, -84.489708, -84.27014, -84.122361, -84.12334, -84.124275, -84.124332, -84.202628, -84.235803, -84.286246, -84.380398, -84.506888, -84.526902, -84.533403, -84.52702, 32.970548, 32.993729, 32.991011, 32.989576, 32.932184, 32.849562, 32.800935, 32.690018, 32.738284, 32.747626, 32.779176, 32.881788, 32.914098, 32.96155, 32.970548)))
"2061","191","00356886","McIntosh",1117201986,369164686,"GA",list(list(c(-81.663206, -81.566009, -81.491798, -81.43576, -81.314548, -81.22222, -81.1748326365906, -81.177254, -81.213493, -81.258616, -81.279338, -81.260958, -81.2643779480884, -81.481696, -81.62429, -81.612054, -81.663206, 31.538667, 31.576467, 31.699575, 31.642055, 31.659382, 31.63042, 31.5395964494948, 31.517074, 31.462818, 31.404425, 31.351127, 31.30391, 31.2945990647455, 31.336088, 31.452982, 31.469405, 31.538667)))
"2091","267","00347445","Tattnall",1245369512,19447412,"GA",list(list(c(-82.232788, -82.025339, -81.980041, -81.888938, -81.761735, -81.824405, -81.981389, -81.969052, -81.982941, -82.048582, -82.111818, -82.225042, -82.181912, -82.232788, 32.318838, 32.278883, 32.081502, 32.050398, 32.0479, 32.014882, 31.794578, 31.789324, 31.784904, 31.827075, 31.900487, 31.913074, 32.166125, 32.318838)))
"2092","185","00326720","Lowndes",1287842038,34542105,"GA",list(list(c(-83.449293, -83.346405, -83.441549, -83.475617, -83.295052, -83.197971, -83.180487, -83.179465, -83.042924, -83.019419, -83.088082, -83.103223, -83.133009, -83.1366188582036, -83.3093471215958, -83.3577163136281, -83.482461, -83.449293, 30.817957, 30.853543, 30.914347, 31.031964, 31.027278, 31.025405, 31.016726, 30.950128, 30.947296, 30.849453, 30.848658, 30.829582, 30.789649, 30.6238859448931, 30.6342387666716, 30.6371378731342, 30.756931, 30.817957)))
"2212","107","00347508","Emanuel",1762679431,24889123,"GA",list(list(c(-82.564378, -82.594439, -82.465065, -82.499431, -82.434149, -82.419129, -82.316512, -82.213745, -82.144977, -82.082871, -82.001236, -82.030233, -82.079842, -82.148338, -82.254526, -82.232788, -82.354546, -82.409118, -82.38194, -82.488941, -82.647733, -82.564378, 32.53249, 32.579158, 32.646833, 32.68634, 32.762258, 32.810927, 32.835772, 32.803863, 32.812741, 32.663324, 32.60691, 32.53877, 32.560063, 32.520429, 32.351498, 32.318838, 32.292194, 32.35383, 32.440596, 32.49183, 32.512507, 32.53249
)))
"2233","003","00345784","Atkinson",887636774,4701677,"GA",list(list(c(-83.140483, -82.844093, -82.817544, -82.628975, -82.629622, -82.699206, -82.671669, -82.971247, -83.046885, -83.033468, -83.140483, 31.420395, 31.403328, 31.364486, 31.36393, 31.274726, 31.278104, 31.183739, 31.183988, 31.18368, 31.275041, 31.420395)))
"2282","127","01671513","Glynn",1086851231,429107116,"GA",list(list(c(-81.782554, -81.731694, -81.691977, -81.62429, -81.481696, -81.2643779480884, -81.282842, -81.304957, -81.368241, -81.402096, -81.401267, -81.420474, -81.4125180355795, -81.572692, -81.562606, -81.631624, -81.766241, -81.782554, 31.170608, 31.330048, 31.400545, 31.452982, 31.336088, 31.2945990647455, 31.24433, 31.206173, 31.136534, 31.125383, 31.072781, 31.016703, 30.9908345035084, 31.097269, 31.130285, 31.108117, 31.16965, 31.170608)))
"2295","195","01688004","Madison",731214552,8448220,"GA",list(list(c(-83.402428, -83.355269, -83.313423, -83.172745, -83.11336, -83.078004, -83.103264, -82.976294, -83.048119, -83.123878, -83.258413, -83.294327, -83.360028, -83.386763, -83.357051, -83.402428, 34.197499, 34.22374, 34.259232, 34.238522, 34.27353, 34.223606, 34.170528, 34.043219, 34.015995, 34.047558, 33.999098, 34.00808, 34.040572, 34.050241, 34.116199, 34.197499)))
"2310","039","01671316","Camden",1632622505,392508756,"GA",list(list(c(-81.936749, -81.840671, -81.766241, -81.631624, -81.562606, -81.572692, -81.4125180355795, -81.408484, -81.405153, -81.44013, -81.460061, -81.444124, -81.507218, -81.528281, -81.56171, -81.633273, -81.668283, -81.732238, -81.763384, -81.808543, -81.868624, -81.902354, -81.9059784394064, -81.906036, -81.936006, -81.936749, 31.060787, 31.097665, 31.16965, 31.108117, 31.130285, 31.097269, 30.9908345035084, 30.977718, 30.908203, 30.821369, 30.769912, 30.709714, 30.722936, 30.723359, 30.715597, 
30.729603, 30.744644, 30.749635, 30.773821, 30.790016, 30.792756, 30.82082, 30.821407341502, 31.039715, 31.047993, 31.060787)))
"2325","201","00344088","Miller",731471756,3211332,"GA",list(list(c(-84.917421, -84.641673, -84.537101, -84.542653, -84.644678, -84.730855, -84.922423, -84.917421, 31.25599, 31.258967, 31.255932, 31.079029, 31.079504, 31.06919, 31.07259, 31.25599)))
"2363","033","00347944","Burke",2142015889,20578826,"GA",list(list(c(-82.272353, -82.29118, -82.232554, -82.26758, -82.17424, -82.097135, -81.8465005323579, -81.846536, -81.763535, -81.7625059827958, -81.755135, -81.658433, -81.6159557107891, -81.601655, -81.5439662243139, -81.767553, -81.857985, -82.081337, -82.144977, -82.213745, -82.316512, -82.272353, 32.937796, 33.062827, 33.231211, 33.267397, 33.296771, 33.230612, 33.2472520854299, 33.241746, 33.203648, 33.1972658882973, 33.15155, 33.103152, 33.089338539364, 33.084688, 33.0443999541444, 32.909411, 
32.953882, 32.916776, 32.812741, 32.803863, 32.835772, 32.937796)))
"2366","187","00357196","Lumpkin",732820607,3275562,"GA",list(list(c(-84.188557, -84.158035, -84.03651, -83.939007, -83.856506, -83.876152, -83.843405, -83.931886, -83.980649, -84.102037, -84.19104, -84.188557, 34.602692, 34.648243, 34.641934, 34.740859, 34.722191, 34.620518, 34.505494, 34.469345, 34.418389, 34.464544, 34.539181, 34.602692)))
"2367","219","00356774","Oconee",477443088,5264894,"GA",list(list(c(-83.537385, -83.508497, -83.415512, -83.275933, -83.306619, -83.28034, -83.29145, -83.406189, -83.483177, -83.505928, -83.533165, -83.647031, -83.537385, 33.965912, 33.931282, 33.918541, 33.847977, 33.811444, 33.761774, 33.734315, 33.698307, 33.805576, 33.81776, 33.820923, 33.906198, 33.965912)))
"2394","255","00353055","Spalding",507561198,9375991,"GA",list(list(c(-84.497527, -84.432907, -84.388118, -84.3544, -84.150581, -84.102582, -84.088991, -84.123767, -84.123981, -84.248185, -84.451336, -84.496783, -84.502352, -84.497527, 33.257422, 33.2565, 33.352465, 33.352514, 33.335639, 33.298191, 33.285646, 33.202824, 33.17862, 33.189019, 33.208889, 33.183866, 33.221055, 33.257422)))
"2413","193","00346957","Macon",1037709945,13841916,"GA",list(list(c(-84.254613, -84.197912, -84.111226, -84.00849, -84.017811, -83.846676, -83.836994, -83.85654, -83.848379, -83.895143, -84.0276, -84.134736, -84.181657, -84.220144, -84.255912, -84.254613, 32.372053, 32.400852, 32.514124, 32.521769, 32.506431, 32.468514, 32.388793, 32.382399, 32.29097, 32.292074, 32.171165, 32.185392, 32.229703, 32.23115, 32.296156, 32.372053)))
"2418","249","00344129","Schley",432291202,2369649,"GA",list(list(c(-84.429451, -84.389927, -84.392316, -84.381817, -84.254613, -84.255912, -84.220144, -84.181657, -84.183569, -84.430218, -84.429451, 32.232151, 32.297237, 32.414046, 32.428047, 32.372053, 32.296156, 32.23115, 32.229703, 32.158493, 32.166257, 32.232151)))
"2471","087","00352234","Decatur",1546842840,67154651,"GA",list(list(c(-84.8634638443825, -84.78692, -84.730855, -84.644678, -84.542653, -84.508078, -84.376612, -84.3807541835525, -84.474519, -84.812997, -84.8634638443825, 30.7114970146544, 30.801189, 31.06919, 31.079504, 31.079029, 31.0784, 31.078883, 30.6888271970459, 30.692783, 30.70965, 30.7114970146544)))
"2476","207","00343073","Monroe",1025872448,5643846,"GA",list(list(c(-84.12334, -84.054175, -84.041498, -83.842978, -83.822261, -83.816048, -83.72537, -83.710685, -83.734153, -83.863831, -83.891922, -83.957579, -83.9807, -84.124275, -84.12334, 32.932184, 32.931497, 33.202629, 33.196855, 33.180238, 33.131816, 33.032666, 32.952792, 32.951009, 32.864683, 32.848351, 32.848757, 32.848957, 32.849562, 32.932184)))
"2577","253","00351263","Seminole",615233530,49243434,"GA",list(list(c(-85.0211075623628, -84.922423, -84.730855, -84.78692, -84.8634638443825, -84.864693, -84.91815, -84.934283, -84.935698, -84.983757, -85.006062, -85.002499, -85.011392, -85.0211075623628, 31.0754638723064, 31.07259, 31.06919, 30.801189, 30.7114970146544, 30.711542, 30.772082, 30.834033, 30.878703, 30.936984, 30.977039, 31.000682, 31.053546, 31.0754638723064)))
"2578","315","00345499","Wilcox",978525378,11147628,"GA",list(list(c(-83.609663, -83.608547, -83.361051, -83.337313, -83.295206, -83.292061, -83.205739, -83.204236, -83.177469, -83.190034, -83.480176, -83.54164, -83.612256, -83.609663, 32.027938, 32.118405, 32.124009, 32.105885, 32.07918, 31.984506, 31.900325, 31.884682, 31.847857, 31.849495, 31.847312, 31.853102, 31.854089, 32.027938)))
"2631","103","00350219","Effingham",1240161595,10552453,"GA",list(list(c(-81.548006, -81.528169, -81.3869019026942, -81.328753, -81.2842383817656, -81.274927, -81.194829, -81.194931, -81.1734737944861, -81.133032, -81.128034, -81.153531, -81.1475951704554, -81.195355, -81.391698, -81.406776, -81.43583, -81.446334, -81.534904, -81.548006, 32.489286, 32.514888, 32.5989648538998, 32.561228, 32.547110946285, 32.544158, 32.465086, 32.411489, 32.3849027808867, 32.334794, 32.276297, 32.237687, 32.2271694465971, 32.237495, 32.095886, 32.101931, 32.241289, 32.284717, 
32.39358, 32.489286)))
"2653","157","00349570","Jackson",879711015,8858787,"GA",list(list(c(-83.817682, -83.619918, -83.561521, -83.479238, -83.402428, -83.357051, -83.386763, -83.360028, -83.384863, -83.454025, -83.503054, -83.537385, -83.563215, -83.767532, -83.817682, 34.127493, 34.29538, 34.252712, 34.26071, 34.197499, 34.116199, 34.050241, 34.040572, 34.037805, 34.004809, 33.999577, 33.965912, 34.031757, 34.066448, 34.127493)))
"2707","025","00351605","Brantley",1147972258,10291563,"GA",list(list(c(-82.284561, -82.193031, -82.114822, -81.997421, -82.041129, -81.923238, -81.801052, -81.731694, -81.782554, -81.766241, -81.840671, -81.936749, -81.936006, -82.06087, -82.081207, -82.131698, -82.208262, -82.208732, -82.284561, 31.224449, 31.20212, 31.270355, 31.288534, 31.373721, 31.345875, 31.363737, 31.330048, 31.170608, 31.16965, 31.097665, 31.060787, 31.047993, 31.075809, 31.01063, 31.010714, 31.084768, 31.170938, 31.224449)))
"2717","151","01671894","Henry",825449018,20273034,"GA",list(list(c(-84.353824, -84.29468, -84.283879, -84.243897, -84.281273, -84.266882, -84.245453, -84.184143, -84.125073, -84.097471, -84.04972, -84.044493, -84.054396, -83.946526, -83.923913, -83.964374, -84.042533, -84.061322, -84.102582, -84.150581, -84.3544, -84.353824, 33.397291, 33.435715, 33.549078, 33.590294, 33.647411, 33.64717, 33.63073, 33.646157, 33.561248, 33.560009, 33.541081, 33.525776, 33.514907, 33.481761, 33.444194, 33.375154, 33.341113, 33.309668, 33.298191, 33.335639, 33.352514, 
33.397291)))
"2765","045","00326650","Carroll",1292752874,12024409,"GA",list(list(c(-85.3381162999059, -85.289742, -85.050889, -85.037926, -84.971203, -84.901688, -84.905788, -84.808934, -84.815869, -84.850713, -84.935378, -85.015358, -85.2943468643453, -85.3049438332249, -85.314048, -85.3381162999059, 33.6531143916014, 33.652087, 33.714632, 33.811942, 33.799617, 33.780703, 33.573378, 33.574085, 33.520249, 33.511457, 33.437421, 33.425506, 33.4279931463646, 33.4827563368455, 33.529805, 33.6531143916014)))
"2769","059","01672699","Clarke",308784927,4688313,"GA",list(list(c(-83.537385, -83.503054, -83.454025, -83.384863, -83.360028, -83.294327, -83.258413, -83.278645, -83.24086, -83.275933, -83.415512, -83.508497, -83.537385, 33.965912, 33.999577, 34.004809, 34.037805, 34.040572, 34.00808, 33.999098, 33.951745, 33.90443, 33.847977, 33.918541, 33.931282, 33.965912)))
"2774","091","00348116","Dodge",1284538002,18529136,"GA",list(list(c(-83.30475, -83.173252, -83.138991, -82.990967, -82.884803, -82.874864, -82.927865, -82.934566, -83.205739, -83.292061, -83.295206, -83.337313, -83.308926, -83.291106, -83.346528, -83.30475, 32.341958, 32.452533, 32.423069, 32.147274, 32.196072, 32.180024, 32.135274, 32.153274, 31.900325, 31.984506, 32.07918, 32.105885, 32.125709, 32.178825, 32.272489, 32.341958)))
"2818","099","00345041","Early",1327626625,9702715,"GA",list(list(c(-85.108192, -85.089774, -85.0888299635305, -85.087929, -85.092487, -85.066005, -85.071621, -85.0516814295062, -85.029227, -84.819807, -84.789032, -84.637579, -84.627579, -84.641673, -84.917421, -84.922423, -85.0211075623628, -85.035615, -85.107516, -85.108192, 31.258591, 31.295026, 31.3086477554966, 31.321648, 31.362881, 31.431363, 31.468384, 31.5195403291417, 31.486071, 31.501192, 31.436356, 31.433926, 31.332117, 31.258967, 31.25599, 31.07259, 31.0754638723064, 31.108192, 31.186451, 
31.258591)))
"2820","119","00349324","Franklin",676893233,12732649,"GA",list(list(c(-83.398049, -83.177838, -83.1028738260357, -83.096858, -83.0505729641024, -83.094093, -83.11336, -83.172745, -83.313423, -83.355269, -83.33791, -83.393915, -83.398049, 34.460998, 34.477017, 34.5374309097654, 34.531524, 34.4950536521691, 34.416073, 34.27353, 34.238522, 34.259232, 34.22374, 34.260867, 34.324801, 34.460998)))
"2824","145","00326700","Harris",1201240346,23711353,"GA",list(list(c(-85.1861174017892, -84.881702, -84.861768, -84.751338, -84.700538, -84.682876, -84.693899, -84.694603, -84.907883, -84.912792, -85.0760723726048, -85.088533, -85.11425, -85.1245332227506, -85.160963, -85.1844, -85.1861174017892, 32.8701382699716, 32.868761, 32.872495, 32.8692, 32.84464, 32.73035, 32.686045, 32.583945, 32.583433, 32.607629, 32.6080674751571, 32.657958, 32.730447, 32.7516296067514, 32.826672, 32.861317, 32.8701382699716)))
"2836","019","00326638","Berrien",1174239566,11671125,"GA",list(list(c(-83.370888, -83.369514, -83.338728, -83.145587, -83.140483, -83.033468, -83.046885, -83.038246, -83.165072, -83.197971, -83.295052, -83.279781, -83.320471, -83.335949, -83.434492, -83.370888, 31.401142, 31.465055, 31.475991, 31.472276, 31.420395, 31.275041, 31.18368, 31.146705, 31.147198, 31.025405, 31.027278, 31.063351, 31.097962, 31.244579, 31.350361, 31.401142)))
"2838","047","00353230","Catoosa",419998923,771159,"GA",list(list(c(-85.2650550217158, -85.045183, -84.9798540252315, -85.061648, -85.144789, -85.201856, -85.20218, -85.264762, -85.2650550217158, 34.9850776447417, 34.986883, 34.9872056139756, 34.819478, 34.767639, 34.77508, 34.854451, 34.854277, 34.9850776447417)))
"2840","065","00351285","Clinch",2110829175,23303279,"GA",list(list(c(-82.971247, -82.671669, -82.592071, -82.490558, -82.495476, -82.435852, -82.4189841121785, -82.459581, -82.4597924354137, -82.5840051864195, -82.581202, -82.766159, -82.846353, -82.971336, -82.971247, 31.183988, 31.183739, 31.018487, 30.963166, 30.819553, 30.820068, 30.5809166697315, 30.584264, 30.5842765283062, 30.5916365790876, 30.696237, 30.732404, 30.834988, 30.869392, 31.183988)))
"2868","183","00326719","Long",1037006567,8862019,"GA",list(list(c(-81.981389, -81.824405, -81.750257, -81.765357, -81.641761, -81.491798, -81.566009, -81.663206, -81.681892, -81.701774, -81.850624, -81.969052, -81.981389, 31.794578, 32.014882, 31.973207, 31.87454, 31.765451, 31.699575, 31.576467, 31.538667, 31.54181, 31.584922, 31.667671, 31.789324, 31.794578)))
"2870","215","00357428","Muscogee",560718761,11696847,"GA",list(list(c(-85.0760723726048, -84.912792, -84.907883, -84.694603, -84.667463, -84.69451, -84.767735, -84.9811502941337, -84.971831, -84.9997867563101, -85.0011308391237, -85.0071, -85.069848, -85.0760723726048, 32.6080674751571, 32.607629, 32.583433, 32.583945, 32.563948, 32.518732, 32.420671, 32.3790400766818, 32.442843, 32.5070669687837, 32.5101547883978, 32.523868, 32.583146, 32.6080674751571)))
"2871","225","00343153","Peach",389234765,2678496,"GA",list(list(c(-84.00849, -84.003363, -83.766787, -83.70109, -83.723139, -83.846676, -84.017811, -84.00849, 32.521769, 32.529927, 32.692622, 32.691598, 32.521122, 32.468514, 32.506431, 32.521769)))
"2873","237","00347246","Putnam",892721731,41451859,"GA",list(list(c(-83.533736, -83.279931, -83.224564, -83.164207, -83.145856, -83.253461, -83.274108, -83.363543, -83.42909, -83.444375, -83.545876, -83.533736, 33.434472, 33.483438, 33.380423, 33.35503, 33.310045, 33.25929, 33.187238, 33.168998, 33.185352, 33.184942, 33.171944, 33.434472)))
"2874","239","00350547","Quitman",391703076,24158295,"GA",list(list(c(-85.141831, -85.114031, -85.067829, -85.0635905429847, -84.9537, -84.974067, -84.907006, -84.910338, -84.95864, -85.073941, -85.1291593155832, -85.141831, 31.839261, 31.89336, 31.967358, 31.991857, 31.974781, 31.950209, 31.924465, 31.776841, 31.777854, 31.771441, 31.7802782680766, 31.839261)))
"2875","243","00352242","Randolph",1109126227,6830041,"GA",list(list(c(-84.95864, -84.910338, -84.907006, -84.810118, -84.65582, -84.599776, -84.603086, -84.535434, -84.546854, -84.577972, -84.59715, -84.817843, -84.942353, -84.930998, -84.949784, -84.95864, 31.777854, 31.776841, 31.924465, 31.93184, 31.920308, 31.920171, 31.772001, 31.676494, 31.621199, 31.637252, 31.637613, 31.619771, 31.618669, 31.672309, 31.679914, 31.777854)))
"2886","069","00347456","Coffee",1533972030,26884091,"GA",list(list(c(-83.145587, -83.118578, -83.058807, -82.99836, -82.995698, -82.868118, -82.836366, -82.836633, -82.627342, -82.628273, -82.597509, -82.628181, -82.628975, -82.817544, -82.844093, -83.140483, -83.145587, 31.472276, 31.474163, 31.611212, 31.673164, 31.780983, 31.782347, 31.816154, 31.671398, 31.672672, 31.558329, 31.469293, 31.469351, 31.36393, 31.364486, 31.403328, 31.420395, 31.472276)))
"2892","271","00356958","Telfair",1132621093,17356399,"GA",list(list(c(-83.205739, -82.934566, -82.927865, -82.887657, -82.723088, -82.645659, -82.65826, -82.836366, -82.868118, -82.995698, -83.138659, -83.177469, -83.204236, -83.205739, 31.900325, 32.153274, 32.135274, 32.079891, 32.002766, 31.918883, 31.923583, 31.816154, 31.782347, 31.780983, 31.814446, 31.847857, 31.884682, 31.900325)))
"2893","105","00347828","Elbert",909352136,59863331,"GA",list(list(c(-83.078004, -82.980018, -82.7746287310121, -82.744982, -82.7359800166139, -82.715373, -82.642797, -82.5950257926073, -82.591855, -82.5629967985809, -82.636698, -82.645451, -82.72439, -82.779506, -82.942268, -82.976294, -83.103264, -83.078004, 34.223606, 34.210066, 34.2883668182547, 34.244861, 34.215462648637, 34.148165, 34.081312, 34.0135178092096, 34.009018, 33.9565549105269, 33.974092, 33.984195, 33.984472, 33.971124, 34.014957, 34.043219, 34.170528, 34.223606)))
"2920","317","00351265","Wilkes",1216001422,11896927,"GA",list(list(c(-82.986325, -82.874587, -82.779506, -82.72439, -82.645451, -82.605687, -82.572297, -82.593527, -82.479518, -82.507223, -82.649705, -82.679975, -82.812958, -82.879449, -82.949046, -82.986325, 33.785405, 33.921767, 33.971124, 33.984472, 33.984195, 33.859942, 33.866343, 33.827322, 33.639535, 33.659994, 33.608768, 33.599792, 33.655836, 33.62041, 33.733333, 33.785405)))
"2921","281","00351252","Towns",431173840,13758448,"GA",list(list(c(-83.936427344252, -83.619985, -83.5491807535047, -83.656414, -83.652194, -83.681596, -83.704339, -83.780346, -83.808675, -83.914919, -83.936427344252, 34.9874843833797, 34.986592, 34.988803195914, 34.878787, 34.822993, 34.800882, 34.791328, 34.792905, 34.904419, 34.926975, 34.9874843833797)))
"2930","093","00351608","Dooly",1016908646,12141885,"GA",list(list(c(-84.0276, -83.895143, -83.848379, -83.718434, -83.68513, -83.615579, -83.606214, -83.608547, -83.609663, -83.961278, -84.033494, -84.0276, 32.171165, 32.292074, 32.29097, 32.290162, 32.289892, 32.288556, 32.275644, 32.118405, 32.027938, 32.030595, 32.153078, 32.171165)))
"2939","075","00343878","Cook",591684405,12308449,"GA",list(list(c(-83.574857, -83.509961, -83.512607, -83.460644, -83.434492, -83.335949, -83.320471, -83.279781, -83.295052, -83.475617, -83.551628, -83.574857, 31.078135, 31.205972, 31.327405, 31.326263, 31.350361, 31.244579, 31.097962, 31.063351, 31.027278, 31.031964, 31.054329, 31.078135)))
"2950","161","01687999","Jeff Davis",857075892,11600966,"GA",list(list(c(-82.836366, -82.65826, -82.645659, -82.595257, -82.543655, -82.480224, -82.483131, -82.431531, -82.431362, -82.520251, -82.550714, -82.52142, -82.521393, -82.627342, -82.836633, -82.836366, 31.816154, 31.923583, 31.918883, 31.931585, 31.958914, 31.954961, 31.968961, 31.966182, 31.837993, 31.838388, 31.736334, 31.710796, 31.672512, 31.672672, 31.671398, 31.816154)))
"2979","291","00353193","Union",834197317,18082752,"GA",list(list(c(-84.1294469626359, -84.0053367334383, -83.936646, -83.936427344252, -83.914919, -83.808675, -83.780346, -83.825465, -83.856506, -83.939007, -84.03651, -84.158035, -84.093193, -84.107422, -84.178834, -84.1294469626359, 34.9879469539553, 34.9876495840123, 34.987485, 34.9874843833797, 34.926975, 34.904419, 34.792905, 34.778972, 34.722191, 34.740859, 34.641934, 34.648243, 34.801411, 34.886896, 34.952086, 34.9879469539553)))
"2984","297","00351264","Walton",846461373,8234387,"GA",list(list(c(-83.982033, -83.908465, -83.855066, -83.799104, -83.76104, -83.647031, -83.533165, -83.505928, -83.526386, -83.680896, -83.691551, -83.790705, -83.914823, -83.982033, 33.786054, 33.842845, 33.88531, 33.929844, 33.894842, 33.906198, 33.820923, 33.81776, 33.796119, 33.596919, 33.616989, 33.666656, 33.744203, 33.786054)))
"2985","303","00348428","Washington",1757373959,15099021,"GA",list(list(c(-83.049081, -83.052197, -83.00874, -82.888866, -82.855046, -82.748311, -82.739483, -82.661917, -82.598018, -82.550225, -82.510851, -82.521052, -82.768365, -82.802456, -82.946966, -82.955364, -82.974265, -83.027036, -83.073648, -83.049081, 32.985605, 33.080682, 33.080849, 33.138603, 33.196427, 33.238348, 33.174368, 33.126331, 33.032013, 33.019351, 32.917754, 32.822356, 32.769108, 32.809756, 32.759358, 32.756461, 32.839236, 32.856133, 32.946562, 32.985605)))
"3029","309","00351278","Wheeler",765314383,12377032,"GA",list(list(c(-82.927865, -82.874864, -82.884803, -82.858308, -82.755158, -82.721964, -82.67377, -82.655486, -82.644309, -82.597671, -82.543655, -82.595257, -82.645659, -82.723088, -82.887657, -82.927865, 32.135274, 32.180024, 32.196072, 32.194386, 32.26969, 32.309283, 32.293595, 32.297561, 32.294193, 32.013979, 31.958914, 31.931585, 31.918883, 32.002766, 32.079891, 32.135274)))
"3030","125","00345642","Glascock",372299245,1832723,"GA",list(list(c(-82.755846, -82.559753, -82.431957, -82.584942, -82.578816, -82.661917, -82.739483, -82.748311, -82.755846, 33.25344, 33.32727, 33.27483, 33.171453, 33.11984, 33.126331, 33.174368, 33.238348, 33.25344)))
"3032","175","00346568","Laurens",2090990042,28838468,"GA",list(list(c(-83.226536, -82.957066, -82.862763, -82.794538, -82.668557, -82.647733, -82.748732, -82.721964, -82.755158, -82.858308, -82.884803, -82.990967, -83.138991, -83.226536, 32.584201, 32.708318, 32.71576, 32.66023, 32.612164, 32.512507, 32.32915, 32.309283, 32.26969, 32.194386, 32.196072, 32.147274, 32.423069, 32.584201)))
"3036","021","01672039","Bibb",645898113,14305197,"GA",list(list(c(-83.863831, -83.734153, -83.710685, -83.696017, -83.658601, -83.56507, -83.513511, -83.602186, -83.597656, -83.666134, -83.701152, -83.810141, -83.891922, -83.863831, 32.864683, 32.951009, 32.952792, 32.91687, 32.887836, 32.877164, 32.844868, 32.741448, 32.664338, 32.674518, 32.692169, 32.729942, 32.848351, 32.864683)))
"3096","037","00344074","Calhoun",726191502,8271470,"GA",list(list(c(-84.80796, -84.817843, -84.59715, -84.577972, -84.546854, -84.476994, -84.450398, -84.454923, -84.412521, -84.429876, -84.513503, -84.637579, -84.789032, -84.819807, -84.80796, 31.514383, 31.619771, 31.637613, 31.637252, 31.621199, 31.621167, 31.621868, 31.548331, 31.45693, 31.436661, 31.439607, 31.433926, 31.436356, 31.501192, 31.514383)))
"3185","223","00349912","Paulding",808983871,5212122,"GA",list(list(c(-85.049833, -84.978683, -84.922742, -84.909942, -84.737836, -84.739636, -84.72423, -84.724139, -84.730974, -84.901688, -84.971203, -85.037926, -85.036809, -85.05031, -85.049833, 33.952635, 33.951393, 34.082497, 34.078598, 34.079399, 33.947602, 33.903596, 33.80617, 33.788568, 33.780703, 33.799617, 33.811942, 33.896067, 33.904488, 33.952635)))
